{"ExportedBy":"QuickStarter","BundleHash":"6q40SmoU4h0Ci1vWuFgicCZovRjIEhl8wdUx38LOs","Version":"1.0.0.0","JitAssemblyCompilerCommands":[{"ProviderName":"CustomEntities","BundleOptions":{"Hash":"1381212083","BundleName":"ExtendedExtractionResultsForDocumentData.MLFormCN38CN38FormV1","EntitiesBundle":{"Types":{"MLFormCN38CN38FormV1":{"Name":"MLFormCN38CN38FormV1","Properties":[{"Name":"ShipmentDate","Type":{"ClrType":"UiPath.IntelligentOCR.StudioWeb.Activities.DataExtraction.ExtractedField`1[[System.Nullable`1[[System.DateTime, System.Private.CoreLib]], System.Private.CoreLib]], UiPath.IntelligentOCR.StudioWeb.Activities"}},{"Name":"AirportOfOffloading","Type":{"ClrType":"UiPath.IntelligentOCR.StudioWeb.Activities.DataExtraction.ExtractedField`1[[System.String, System.Private.CoreLib]], UiPath.IntelligentOCR.StudioWeb.Activities"}},{"Name":"DateOfDeparture","Type":{"ClrType":"UiPath.IntelligentOCR.StudioWeb.Activities.DataExtraction.ExtractedField`1[[System.Nullable`1[[System.DateTime, System.Private.CoreLib]], System.Private.CoreLib]], UiPath.IntelligentOCR.StudioWeb.Activities"}},{"Name":"FlightNumber","Type":{"ClrType":"UiPath.IntelligentOCR.StudioWeb.Activities.DataExtraction.ExtractedField`1[[System.String, System.Private.CoreLib]], UiPath.IntelligentOCR.StudioWeb.Activities"}},{"Name":"Total","Type":{"ClrType":"UiPath.IntelligentOCR.StudioWeb.Activities.DataExtraction.ExtractedField`1[[System.Nullable`1[[System.Double, System.Private.CoreLib]], System.Private.CoreLib]], UiPath.IntelligentOCR.StudioWeb.Activities"}},{"Name":"ConsignmentID","Type":{"ClrType":"UiPath.IntelligentOCR.StudioWeb.Activities.DataExtraction.ExtractedField`1[[System.String, System.Private.CoreLib]], UiPath.IntelligentOCR.StudioWeb.Activities"}},{"Name":"AirportOfDirectTranshiping","Type":{"ClrType":"UiPath.IntelligentOCR.StudioWeb.Activities.DataExtraction.ExtractedField`1[[System.String, System.Private.CoreLib]], UiPath.IntelligentOCR.StudioWeb.Activities"}},{"Name":"TimeOfDeparture","Type":{"ClrType":"UiPath.IntelligentOCR.StudioWeb.Activities.DataExtraction.ExtractedField`1[[System.String, System.Private.CoreLib]], UiPath.IntelligentOCR.StudioWeb.Activities"}}],"BaseType":{"ClrType":"UiPath.IntelligentOCR.StudioWeb.Activities.DataExtraction.ExtendedExtractionResultsForDocumentData, UiPath.IntelligentOCR.StudioWeb.Activities"}}},"Version":1}},"EntityAssemblyKey":{"Name":"UiPath.IntelligentOCR.StudioWeb.Activities.SWEntities.ExtendedExtractionResultsForDocumentData.MLFormCN38CN38FormV1","Hash":"MTM4MTIxMjA000","AssemblyName":"ExtendedExtractionRe.CustomEntitiesCN 38 Form"}}]}